"Reference","Qty","Value","DNP","Exclude from BOM","Exclude from Board","Footprint","Datasheet"
"C1","1","0.1uF","","","","Capacitor_SMD:C_0603_1608Metric","~"
"C2","1","0.01uF","","","","Capacitor_SMD:C_0603_1608Metric","~"
"D1","1","LED","","","","LED_SMD:LED_0603_1608Metric","~"
"FID1,FID2,FID3,FID4","4","Fiducial","","Excluded from BOM","","Fiducial:Fiducial_1.5mm_Mask3mm","~"
"H1,H2,H3,H4","4","MountingHole_Pad","","Excluded from BOM","","MountingHole:MountingHole_2.5mm_Pad","~"
"J1","1","Power Input","","","","Connector_PinHeader_2.54mm:PinHeader_1x02_P2.54mm_Vertical","~"
"R1,R2","2","10K","","","","Resistor_SMD:R_0603_1608Metric","~"
"R3","1","1K","","","","Resistor_SMD:R_0603_1608Metric","~"
"U1","1","NE555P","","","","Package_SO:SOP-8_3.76x4.96mm_P1.27mm","http://www.ti.com/lit/ds/symlink/ne555.pdf"
